Areakm2,WildBeeAbundanceSt,HoneyBeePopulation
3.4,118.266,0.000001
32.4,277.5998889,436.3636364
38.636,636.44,1078.090909
75.207,640.2296667,817.8181818
76.19,437.64175,772.1818182
84.069,111.1636667,1265.909091
86.125,54.03633333,239.5454545
99.432,99.432,2558.090909
108.713,285.024,3454.090909
131.693,301.804,3484.090909
151,107.8563333,1064.363636
194.59,328.9062,2342.727273
196.308,68.871,2296.363636